{"idtag": 58, "Timestamp": "2020-07-02 12:45:15.471816", "Pv0": 24780, "Pv1": 17854, "Pv_Float": 6092.099609375, "indexado": 0}