{"idtag": 1, "Timestamp": "2020-10-27 16:47:59.390290", "Pv0": 27132, "Pv1": 16897, "Pv_Float": 32.35350036621094, "indexado": 0}