{"idtag": 18, "Timestamp": "2020-08-13 20:57:53.035715", "Pv0": 27494, "Pv1": 16170, "Pv_Float": 0.6657012701034546, "indexado": 0}