{"idtag": 27, "Timestamp": "2020-10-24 22:38:18.525531", "Pv0": 19333, "Pv1": 16614, "Pv_Float": 7.196718692779541, "indexado": 0}