{"idtag": 70, "Timestamp": "2020-06-24 14:45:29.989782", "Pv0": 18371, "Pv1": 16761, "Pv_Float": 15.5800199508667}