{"idtag": 64, "Timestamp": "2020-06-29 09:14:08.965926", "Pv0": 19701, "Pv1": 16301, "Pv_Float": 1.35391104221344, "indexado": 0}