{"idtag": 79, "Timestamp": "2020-10-24 22:37:57.803055", "Pv0": 28450, "Pv1": 17259, "Pv_Float": 235.43411254882812, "indexado": 0}