{"idtag": 61, "Timestamp": "2020-06-21 10:32:53.674142", "Pv0": 31680, "Pv1": 17140, "Pv_Float": 122.24169921875}