{"idtag": 100, "Timestamp": "2020-06-27 16:17:07.721274", "Pv0": 25936, "Pv1": 16931, "Pv_Float": 40.84893798828125, "indexado": 0}