{"idtag": 61, "Timestamp": "2020-06-27 15:50:57.726503", "Pv0": 16790, "Pv1": 16450, "Pv_Float": 3.0352530479431152, "indexado": 0}