{"idtag": 51, "Timestamp": "2020-10-24 22:38:09.121110", "Pv0": 28219, "Pv1": 16119, "Pv_Float": 0.4832628667354584, "indexado": 0}