{"idtag": 91, "Timestamp": "2020-10-24 22:40:04.088692", "Pv0": 29921, "Pv1": 16624, "Pv_Float": 7.514267444610596, "indexado": 0}