{"idtag": 31, "Timestamp": "2020-10-02 13:21:55.836062", "Pv0": 32086, "Pv1": 17138, "Pv_Float": 121.24479675292969, "indexado": 0}