{"idtag": 31, "Timestamp": "2020-06-26 21:39:21.756397", "Pv0": 21399, "Pv1": 16255, "Pv_Float": 0.9973692297935486, "indexado": 0}