{"idtag": 76, "Timestamp": "2020-06-16 13:57:46.121184", "Pv0": 25351, "Pv1": 16939, "Pv_Float": 42.84670639038086}