{"idtag": 93, "Timestamp": "2020-06-18 20:32:36.093526", "Pv0": 23047, "Pv1": 17154, "Pv_Float": 130.35166931152344}